City,AQI
Aizawl,34.765765765765764
Amaravati,95.29964328180738
Amritsar,119.92095914742451
Bengaluru,94.31832460732984
Bhopal,132.8273381294964
Brajrajnagar,150.2805049088359
Chandigarh,96.49832775919732
Chennai,114.50265392781316
Coimbatore,73.02325581395348
Delhi,276.48176187198897
